{"count":1,"gauges":{},"self":2.357622,"total":2.367159,"children":{"AgentSendState":{"count":98,"self":0.0028799999999999997,"total":0.0028799999999999997,"children":null},"DecideAction":{"count":98,"self":0.0026409999999999997,"total":0.0026409999999999997,"children":null},"AgentAct":{"count":98,"self":0.0016849999999999999,"total":0.0016849999999999999,"children":null}}}